{"count":1,"self":7053.1170304,"total":10594.6680838,"children":{"AgentSendState":{"count":2500684,"self":155.81752319999998,"total":1448.7295314,"children":{"CollectObservations":{"count":4001120,"self":47.7416608,"total":47.7416597,"children":null},"CollectDiscreteActionMasks":{"count":4001120,"self":16.521544,"total":16.5215444,"children":null},"AgentInfo.ToProto":{"count":4001120,"self":50.394006399999995,"total":1228.6488035,"children":{"GenerateSensorData":{"count":4001120,"self":197.2621824,"total":1178.2547986,"children":{"RayPerceptionSensor.Perceive":{"count":8002240,"self":980.9926144,"total":980.9926154,"children":null}}}}}}},"DecideAction":{"count":2500684,"self":2035.6204544,"total":2035.6205499999999,"children":null},"AgentAct":{"count":2500684,"self":34.8262432,"total":39.604888599999995,"children":{"AgentInfo.ToProto":{"count":14235,"self":0.23539249999999998,"total":4.7786447999999995,"children":{"GenerateSensorData":{"count":14235,"self":0.7520103,"total":4.5432523,"children":{"RayPerceptionSensor.Perceive":{"count":28470,"self":3.791242,"total":3.791242,"children":null}}}}}}},"AgentInfo.ToProto":{"count":53795,"self":1.064362,"total":17.5940989,"children":{"GenerateSensorData":{"count":53795,"self":3.0003143999999997,"total":16.5297369,"children":{"RayPerceptionSensor.Perceive":{"count":107590,"self":13.5294224,"total":13.5294224,"children":null}}}}}},"gauges":{"Shooter.CumulativeReward":{"count":31526,"max":245.78746,"min":-2006.47144,"runningAverage":-225.058838,"value":28.8768387,"weightedAverage":-46.0399},"vs.CumulativeReward":{"count":36504,"max":207.584229,"min":-12073.7959,"runningAverage":-406.643524,"value":-146.238815,"weightedAverage":-65.92136}},"metadata":{"timer_format_version":"0.1.0","start_time_seconds":"1623377794","unity_version":"2019.4.10f1","command_line_arguments":"C:\\Program Files\\Unity\\Hub\\Editor\\2019.4.10f1\\Editor\\Unity.exe -projectpath C:\/Users\/DSI87A\/Documents\/GitHub\/A.I.-Shooting-Game-ML-Agents-Unity-Example\/A.I. Shooting Game -useHub -hubIPC -cloudEnvironment production -hubSessionId 296b5be0-b73a-11eb-bd40-07712124cf80 -accessToken Q0oFRQBGeEQ565cC86AN2PVEyUisVYK-V-zRhlTsLuM001f","communication_protocol_version":"1.0.0","com.unity.ml-agents_version":"1.0.2-preview","scene_name":"escena final","end_time_seconds":"1623388389"}}